cytoplasmaaa, 8833
bethlinas, 37972
Candi, 14058
jbakernyc, 85123
AmandaMagee, 58110
yassmin_a, 4979
andreareimer, 25717
deseraestage, 77410
skpodila, 42678
KimCrayton1, 50948
mjmichellekim, 5858
Dowbiggin, 75414
MumbaiCentral, 462
ElisaC, 51471
HeckAwesome, 72873
VanessaFordDC, 31635
dadakim, 44511
Nylons, 29164
jensinkler, 38526
jenleereeves, 54733
cytoplasmaaa, 8833
bethlinas, 37972
Candi, 14058
jbakernyc, 85123
AmandaMagee, 58110
yassmin_a, 4979
andreareimer, 25717
deseraestage, 77410
skpodila, 42678
KimCrayton1, 50948
mjmichellekim, 5858
Dowbiggin, 75414
MumbaiCentral, 462
ElisaC, 51471
HeckAwesome, 72873
VanessaFordDC, 31635
dadakim, 44511
Nylons, 29164
jensinkler, 38526
jenleereeves, 54733
ScritchfieldRD, 36308
elsamariedsilva, 48237
kirthijayakumar, 93901
CA_AstroComm, 28489
AN_Goldstein, 5998
Annette_Taddeo, 17217
anjelikadeo, 14154
AubreyCello, 1728
DrClaireH, 7706
ImTiffanyYu, 20084
ClarissaRedwine, 4674
ourshieldmaiden, 15277
jessleenyc, 2036
JodiAman, 42490
acarrolldesign, 8071
TheMudlily, 135734
kmishmael, 42858
lizgross144, 86148
TeLisaD, 80587
SirJesstheBrave, 4557
ZingShaw, 1087
MelissaHui, 10182
kim_hoyos, 30203
qnrisawesome, 9736
yao_christine, 22390
BurgartBioethix, 13776
missyvoronyak, 50732
CherylRainfield, 76925
MsMandyJ, 18956
rgogel, 2498
arcticisleteach, 7032
emilyfleuriot, 3940
veruka2, 6391
lrb23, 54696
ChanaEwing, 8087
DianaRohini, 3769
DCtwiterati, 4418
camikaos, 36496
ForWyo, 2009
kathrynlindsey, 3826
SarahSloane, 18468
lilamayhiggins, 3580
annalisabluhm, 5479
MySonWearsHeels, 4665
MargauxJoffe, 5530
SheliaForMD4, 1008
Maybe_Ketamine, 11901
laliaristo, 29994
annetgriffin, 18300
MissIG_Geek, 30403
nicycle, 53679
maggim, 95194
ProfAlang, 1890
Ayaan_Ismaciil, 1253
smarmyliberal, 5552
kanoneko_EF, 807
KateEMontgomery, 5192
ProfDonnaHall, 6949
her0ynee, 34645
LadeTawak, 18361
CarolynLyden, 11185
schoemannator, 6391
2KGameRecruiter, 477
TheNataliePlum, 24764
ms45, 124899
tycely, 5607
CourtneyCyclez, 14874
nongenderous, 144656
emilytemplewood, 10308
Tzefira_Neviah, 3888
andrea_coutu, 13463
N8V_Calgarian, 84541
jennyleeSD, 61259
carriefox, 2189
FionnaWrites, 3195
shelbyspees, 12964
CabinetofCurios, 11732
AKapilashrami, 1142
frantecol, 10056
IdellaMithlynnd, 25444
GretaThinks, 15331
ByngSquirrel, 15174
lena_capece, 970
LindaNguyenMD, 4421
KelseyRodkey, 44147
DeNovo_Fatima, 11664
britthawthorne_, 862
rebeccazenefski, 32681
honu_girl, 9708
JennyFloria, 22761
PatriciaRaicht, 16812
CHeartsTrees, 26835
leilazadeh, 6523
shesthefirst, 23606
MsKass1, 4292
JennMJacksonPhD, 44964
tiffanymjewell, 7985
Madelinksi, 44163
szelechoski, 5621
niayailavien, 9997
HerCampus, 71422
lolaschild, 62196
Lisaka, 11204
CjMadysen, 22877
KateLechler, 34296
Shediditherway, 2425
leah_kelley, 156808
JuliChiaet, 5435
beewalsh, 27172
delight_monger, 5089
FOMNZ, 20551
ALovely_DAE, 49461
Namrata13, 2367
libbyxford, 15251
SheInspiresHer, 7596
freyablekman, 17782
RuthEJBooth, 87400
bookbent, 10855
ChickenlyNerd, 15215
kimmilyn, 14328
RukhsanaSyed, 21213
yrfatfriend, 18247
grubreport, 166054
mongeliliana, 103545
KatherineYBrown, 3585
SarahofGolding, 9659
kellydholstine, 205
Nikishka, 6046
ThembiAnaiya, 47783
lauraebrady, 8813
LisaMEarthMama, 15010
LeahWritesStuff, 23614
AngharadLee, 24235
acoolidge, 5885
SParSuperStar, 10431
VeronicaAveis, 3295
mel_katzz, 43196
MaureenB2B, 23463
lisadougan, 3346
juliekang, 5446
ExistentialPunk, 64150
Deegley, 122610
foodpeacerdn, 10330
AllyIseman, 2899
happycampergirl, 45881
allyrosecoll, 1213
andreacollier, 4272
SQLCindy, 1927
sarahlaurenson, 6117
angellewisesq, 2221
elyse_debra, 78995
erikafrose, 60237
AngelicYoung, 1436
ranabdelhamid, 1018
afhill, 9995
NevinCaple, 1496
amandankoehler, 2164
GoodwinVianna, 21535
Nalo_Hopkinson, 51125
JenNewbill, 21201
jhiscock, 52142
meghancaves, 28721
krizbell, 25645
ItsAshRichelle, 2883
workingclassldr, 2855
SonyaOldsSom, 117462
zannalyons, 2068
BroussardRhonda, 4497
ellietheelement, 3583
evoljennifer, 12280
flynnkristina, 1778
MiriamForster, 67442
loisvdlaan, 13085
spookygirl, 34696
volkswagenchick, 2716
EviKline, 3040
BergBronwyn, 14237
jessmknapp, 5608
asturtz, 4532
shrewnumb, 2340
robynewmurphy, 8786
efboltz, 3167
iamsqueeisback, 30567
pariahassouri, 3702
LisaTeachesTech, 17513
ueberkatester, 8801
bm0nies, 397
RogueReverend, 26303
LadyCheeky, 103849
marteki, 8326
lisaychuang, 18319
poweredbylove2, 3510
ElliotLRich, 3435
MasumMomaya, 9299
jmr_MediaSpark, 1718
bgdecolonized, 32139
seoyoung_chu, 1769
MsAnnaBlue, 1419
JoBuczkowska, 3061
DanaForman, 8246
adeelawarley, 2935
keondra, 9982
chiayi_hou, 1489
msmegmassey, 23097
rpg_casts, 5586
nicoleljohnson, 4053
aribajahan, 2260
darling_sammy, 27304
GillHoffs, 49980
hinemoana, 12895
chantmostert, 7098
amberlynprince, 9377
coolandhorney, 20381
MDPhDToBe, 7586
LisaElizabethy, 16414
MeInMidAir, 1358
_she_her_hers, 1665
lmendersby, 27405
UURevErin, 5724
drjenmathed, 1145
gojirama, 42142
tanialittle, 26641
culturalregret, 140665
Warupeachi, 18827
JasRogersShaw, 27245
HerArtSheLoves, 20544
troilee, 21788
JudyTwedt, 1695
MillennialXpert, 9182
RekaJellema, 14284
TamiHackbarth, 23902
FamDoc_Forest, 5458
SunshineChasing, 21010
BaelockHolmes, 147150
justjerdi, 56744
hld4ransom, 4711
LeahShafik, 46484
pocketfullofme, 2054
theoriginalbrk, 1104
caitlindmcgill, 2144
KristenCooper23, 7588
elenithecamera, 19156
GleamDavis, 4044
jrupprecht_mn, 14667
jaimemere, 7296
ShantaDotCa, 30667
penguintrax, 26390
DrAimeeGrant, 9693
sarahforpdx, 36321
erinkburrell, 11528
jillbinder, 3939
INwithMichelle, 5155
olearypd, 29161
VASegovia, 11922
margyelliott, 733
amaya30, 17007
tzottoladrift, 7416
cdutilhnovaes, 6879
BrieCayne, 8571
SheHerThey, 298
MeaghanWray, 9208
kiradault, 4441
droogette, 15246
PancakeLady, 6123
BethAnntastic, 2757
InnerCompass, 12999
joy_hoffman, 15403
molliekay, 23012
libbyfalck, 1449
yespaulineeyre, 6554
CallaWalsh, 2602
Smiley15, 20893
DreaVilleneuve, 42656
FunAndDraconian, 196
ms_rezai, 12903
AlysonCole18, 1471
RiaOtero, 5043
StefEastoe, 1517
annawritedraw, 8900
lizfromsela, 3817
queerdykekylie, 9284
ChrisMillsRD, 5943
shhh_s, 2403
isarahha, 2827
Anne_Kanopi, 2866
theNatalieAsh, 6106
trudeanstudents, 7901
portlandrebecca, 3577
RHicks, 38150
Grace_Quantock, 19752
slamare15, 2492
teachingmissk, 4038
m_simonephd, 944
aimeecarrero, 14835
Militant_Asian, 2505
NadineThornhill, 30233
DrAngelaSutton, 4188
zainabbawa, 28004
LWPBdotnet, 12277
SpicyTunaRo, 37412
eternityrod, 587
smolqueerdragon, 87604
AfroLez, 21137
cybershaz, 32208
StyleSTEAMed, 5037
Tossboy69, 102
obfusicationx2, 9309
khal_essie, 4410
ArtySadie, 19730
JLRobertsonLA, 16544
leighshev, 2899
JennaMagnuski, 21011
ndamalicampbell, 1493
adrebiluka, 1999
sarah_shewell, 919
beautifal_, 28150
kdv24, 2729
CarrieDennett, 5786
RieOfLetters, 24894
leannergale, 2550
ingsYEAH, 4032
mmariemarti, 248
iris4action, 1439
mlchan, 2600
carr_8, 19552
jessicaduarte, 1167
lbmadsen, 6670
slavetabitha, 3398
skye_barbic, 9029
sarahconner, 21553
kmstrong12, 469
DrunkPhyto, 5225
Jules0512, 7276
giadrew, 4967
JennieRoberson, 8459
reginalatinae, 590
brittnhasty, 1611
claudiablb, 10215
melissabalsan, 9237
EuniqueDeeann, 5369
sburkedimitrova, 4426
BTorg, 1895
abbsnocon, 4193
SuJounTALENT, 4649
cynfinite, 145964
thette, 22482
marnilafleur, 2651
BlueRoseNZ, 11423
CallMe_Overlord, 6053
stefyjonas2, 9325
historyneverwas, 4871
stephrwhite11, 19474
manjukarkare, 3661
britmoline, 293
megalomanee, 36678
seriousallie, 2710
rfaintich, 12891
thelizzypearl, 7623
rhiacoon, 2042
gabalexa, 53562
yellowbird888, 25625
Rebecca__Rouse, 2530
ClariceDAiello, 1296
LibbyJ1853, 8226
lbdehertogh, 5434
norahanlon, 6544
bb60voices, 5920
lelmeducation, 6080
NadkarniNamrata, 2905
brenda_slomka, 25779
annaecook, 3043
jacutanz, 6670
VaishKeswani, 2061
suzannemrivera, 1157
PainEyre, 7451
daniellequinn88, 2797
szczpanks, 2268
JonnaGerken, 2211
APfam, 3688
wysefyre, 13473
TheAtomicMommy, 3338
JPRequiro, 6600
e_jordanthomas, 3245
juliannebrands, 1753
shesinherapron, 918
ShankerRuby, 9864
rebeccaroyce, 21061
PriyankaMishr17, 632
Swell09, 16536
LarissaLindsay, 2285
MarchinskiMags, 1075
LeiSeaGee, 1876
kips206, 45505
sheandherevent, 641
alinzar, 4019
emiham0505, 25504
trishawebs, 6116
nairhimangi, 846
saracnash, 1134
litandknits, 4260
MendingtheChasm, 4598
cyns, 590
LindseyLGoodman, 1646
aspiraldance, 15301
andreamydear, 13964
Jamie_Shum237, 5953
KimberlyGrommes, 5023
LeslieJoy1, 2736
enerwin, 2381
sarahinquesnel, 6413
britt_pham, 3459
dgtweets, 15922
tweetsfromprime, 9010
lndeutsch, 27762
MarjorieAyyeee, 1639
almafumiko, 6505
elaabate, 3379
skycranelife, 214
ashareem, 39063
niamhnichuilinn, 6406
kristinbulzomi, 10143
stimfunction, 2579
ShowAshTheCash, 45205
LittleKope, 20071
sarcasmforChrst, 20691
TheWallner, 2043
jennie_massey, 8952
JenCortEdCon, 4186
DellaVMosley, 1174
lovebirthllc, 20114
CommsGeekJamie, 2207
SamDurbin1, 1237
CorinaStMartin, 2426
ladyi7609, 3872
dcRecruit, 6442
dev_rox, 7116
SarahNicole838, 5880
EEADHorne, 8404
RachEttinger, 31821
shengxiaoyu, 2307
Judashalah, 868
ACissellWrites, 15711
LynDDavis, 18627
Kaesidilla, 9060
ShesHerOwnCEO, 1950
andreacarey, 3165
BeccaBL2, 17473
jahseer0, 86270
jetharrington, 8378
ceceliagrace, 12056
altheatremaine, 10388
kat_cahill, 1314
Nancy_RS_Parson, 7583
Mary_Ann_Q, 5900
bananacowdesign, 5638
princessericah, 34152
iamKirstenT, 12248
SecondaryPsyche, 3589
TrackerJessica, 1324
Sewciopath_, 4857
DrMLChivers, 6956
JustDoYouTweets, 1219
DevanCheaves, 4512
koracklr, 45045
RamonaRidgewell, 6671
msroxannepiskel, 20899
webneko22, 4917
AdeleVrana, 71
liserdeman, 2548
Brendias, 7943
Brii_toe_knee, 31228
DebbieCannon7t3, 15963
Susan_Melcher, 2484
chaudr8, 2472
_shantaej, 17171
ChevalierJuline, 2335
jlbloom, 3357
eShekell, 3234
Andreadobbs2, 4778
danajamesmwangi, 1323
FireMedicOne, 1688
DebatingMH, 2801
HRTact, 6844
GinaEstelle, 1800
alejandraporta, 3317
gemmacaf, 4391
EngagingStaci, 502
AlettaNorval, 3749
adubinger, 6560
Sarah_Reid_PHD, 238
sallyrose1214, 20262
gaballinger, 10981
cookymumsta, 1101
bigpictureroxi, 1938
RyersonVPS, 1846
angraleigh, 48510
JenFlanagan14, 2705
5tephanieJean, 5642
DaisyDoll_25, 11793
authorjoyshaw, 2723
BurrowsCarolann, 2819
Aliwaba, 3379
verta, 616
zenalbatross, 11196
tstockstein, 7810
rstapley, 3354
herpronouns, 7
katewallistweet, 16266
EdConsult01581, 17266
RachKReese, 684
ScienceGumbo, 1309
LadyLikeTay, 8930
NicolaHaywoodAl, 5159
aileenphd, 3134
_RuthLinehan, 16768
EdTechBrandi, 2532
SnarkyMD, 16688
_Auntie_Aimee, 1880
adapperprof, 3300
Cally_Shamma, 23791
maggiebertram, 179
leahcwindsor, 876
that1overthere, 7987
makmakdaddy, 7699
ixek, 9135
GinaViolaPeake, 2076
emalone, 7597
RainbowSkyNL, 645
kscoult, 12023
WendelynOslock, 1436
_sujanee, 965
Kristi_Lodge, 4559
hid_Yin, 16463
RLynneHarris, 10783
maramaemartin, 4041
taranehfultz, 6261
riodjomama, 8977
AnnelihGHH, 15422
JenniferinIN, 662
Jessica_Piombo, 942
llimcole, 4427
shellyvonmiller, 9131
TeamSallySez, 3412
NurseKillam, 7788
samdevotta, 3417
aPOPEtosis, 3062
Irisanya, 11779
KrisEmilyMD, 3310
A_Love_King, 1562
glassxcastles, 19674
AmandaOVeri, 1787
KellyPHorner, 4310
HummingBird57, 23328
nicole_cozens, 1943
AttyChamp, 1652
A_R_Stapleton, 1691
emxme, 14736
carolharnett, 30713
bethrobertson81, 1619
RoseRedTarot, 3515
LeciaMichelle11, 8928
TiffanyTosh, 1835
corinnemahrens, 248
astrosica, 1738
mcguirewood, 5350
Andrea_Hanna, 1861
LizRothenberg1, 4915
MeeraCK, 1180
HollyAlyssa13, 1967
alysonthompson, 937
melissasvoice, 3022
CudlipJ, 2751
darawestling, 673
DrMelissaF, 1674
SweetVanLoan, 33562
lindahuyenbui, 3648
jillwenerMD, 1227
DaniFishman, 42
er13_r, 5292
BhamGastroNP, 6955
ShannonNara, 11375
samleehartsock, 2796
langela, 6003
tori__renee__, 3038
AwesomeSPED, 21532
WilsonToxLab, 3831
AngSuperPowers, 5501
SEThibodeau, 4032
ccuellar, 12515
genevieveew, 62847
SoumiRoy1, 1946
ABetterJones, 8413
ShaughnessyEmmy, 2045
gravywavylucy, 2298
MelissaRubio63, 2479
daisyintech, 4577
Ok2BeFat, 6763
IjeomaOluo, 52183
BeckyAnnison, 2329
Keighlagh, 7272
karenworkun, 7289
TheSTIProject, 6798
sylviafagin, 1009
Dawn_Serra, 10921
byshefon, 53629
AGirlOfHerWords, 79681
lburkins, 2329
AnisaRawhani, 3735
YEG_SLP, 5606
interfaithsis, 11287
dadiva18, 51389
crystaluarium, 2422
justlikeastone8, 2018
jessispondering, 2965
cfreed, 2119
book_rambler, 5402
jbp_usa, 18551
CassMeagan, 843
Grrl_Herstorian, 13386
ThinkSideways, 2053
stephaniemmack, 1771
lizwritesstuff, 3997
AMckennaJohnson, 6711
AlyssaGins, 1246
ADubisar, 3477
TheGeeksMeow, 1182
pixelsforhumans, 13090
Sara_withoutaH, 355
Shedrawsnigh, 46696
vleongTO, 3962
magdajoyce, 5728
ChrisHagyard, 663
Knromaine, 438
lalabak, 4308
Hellawyn, 1322
JKatieMarks, 1181
mstinabui, 6461
MegMadeUp, 686
akeisha09, 6735
Jen_Ingham, 2269
lucyqphoto, 3144
pirat3kitty, 16341
JohannahRuddy, 4584
Monica_Justesen, 2974
kat_schouten, 3141
IncredibleHulko, 8125
leslie_abbey, 1743
BrtFlame, 2106
LadyRuetha, 5197
nextpivotpoint, 2129
ladiesbewild, 9014
LibConfLady, 8470
aimeliec, 463
KerrySwarr, 803
_jessicode, 3164
klo33, 2025
ehbeattie, 7174
laurxcohen, 2470
bluepistrophe, 1210
JeanneLiu, 2138
Carla_TTBA, 7679
diadelakristie, 15059
perrys_lab, 935
AshleyRC_Author, 34719
geo_lesley, 8884
Lesley_Dougan, 10024
D4WN_Michelle, 23983
ktruyens, 3798
Blair_Irwin, 1109
TracyKingCEO, 3977
jenevrettajones, 235
annikademaeyer, 1121
lstew, 9764
RethinkingSarah, 2711
emilyboegheim, 4825
francilenyc, 1918
musicalwebdev, 444
rachelkrausman, 1007
debdef, 2741
BoldLutheran, 5221
becky__wong, 2766
DonnaSteff, 2023
kristanshawgo, 3576
AGirlLikeHerMov, 800
muse_nl, 6286
ThisKatha, 4386
PaniHokti, 1468
woods_corinne, 1833
_CarmenDrake, 916
BaronessNewland, 3473
Kaizenchick, 2183
jessicajaiswal, 749
MargieC899, 2235
BrittanyJanay, 2200
MadisonPMcCall, 115
ShesTheLioness, 13871
TheObeeReardon, 3362
lauraannewhelan, 2218
sophiamenriquez, 194
KristinOsani, 2314
shookeari, 2712
KateMcKillipMD, 637
nursembrown, 1456
JamieSuchomel, 3344
laur_aesthetic, 12207
timaranichols, 2590
HoneyHeartness, 983
gwenzilla, 7092
txnicallyrachel, 2786
montessorimice, 3633
namesescapeme, 39866
kirstywoolven, 3636
tinaarcilla, 2071
PVeritySuarez, 1902
DCspatz, 1913
LifeWithTG, 97894
tombrinacal, 10571
WinDayWrites, 1742
NuriaSefchovich, 17115
sarcandes, 1761
kodiaksoled, 564
kshnndrj, 2385
Jerinap, 7392
__livvv_, 14246
BlakeleyJenn, 1172
Chiri39Cp, 1856
Ash_Thax, 5965
DrAMeadows, 2056
sschwanz, 2862
brendajos, 98389
skaufmanart, 17098
DrSarahNewport, 862
heartshapedgirl, 45627
SuusJC, 1365
ladylabview, 465
lvoisin, 8056
MalloryDowd, 3269
justabadrobot, 3534
tanyamctavish, 3097
wonnderection, 87547
hcwalterelt, 2137
MindyErchull, 3330
AddieDomske, 8565
MKOdierAuthor, 10335
sharicollins44, 4743
stpehlittle, 1062
taylorkahnperry, 1155
mishthejrnalist, 2079
VanStratts, 2445
jastoff, 10474
27twinsister, 58786
mj_wagner, 4189
RN_Abigail, 9745
WTFMagritte, 16595
CABreretonKY, 5919
Kell_Stack, 264
Serendipity1974, 12990
jenrhicks, 6102
jessicaeburke, 44716
19Nocturne, 1972
JustMe_DivaD, 16261
Lynne4Students, 977
cintiabcosta, 15401
hiddeninabook, 15338
ToniCrossforFL, 4661
PrezPelican, 652
ProfLeeGilmore, 2248
NeutronJo, 1426
AndiDealsPoker, 4019
admissionsmom_, 4193
pastriesandcake, 2192
lyndsaypromane, 1099
SabbeAurore, 67909
SheWasHer, 64011
mariaGia_, 3301
zzzooeee, 7221
joshinaa, 1213
autumnvwrites, 1654
ChristineRoseUX, 570
JenniferCsays, 2826
TallTechy, 2252
ShlomitSofer, 1394
Ravelyn, 1417
jmrobertson, 467
sydneycameron__, 34630
shegotproblems, 683
amacduffking, 9255
lamont_her, 3185
_valeriei, 46749
EmilyGusba, 2901
space_crush, 1931
EMmeansILoveYou, 20583
Jenn_Dempsey, 13498
AliSkyRichards, 3578
mathLoriFury, 2544
BeverlyYanuaria, 1217
Reginarex_drag, 4204
lorinishome, 1147
CBelfitt, 10957
VSwanberg, 627
_runfatgirlrun, 11291
thetrickisto, 3876
BIMchiq, 1782
LisaSanCrom, 18446
katyyyowens, 8186
_janetmendez, 871
jacqui_gavin, 14784
FeastInThyme, 1425
Sofia5NS, 1458
TWG_EU, 15229
HayleyBonEnfant, 2194
PatchLL, 739
showardtweets, 9457
almost5feet, 7612
ssnorkels, 18925
cetaylor05, 2272
dulce_c_arias, 645
lumpyjenny, 1013
EssenceofOne, 5075
FunUniverse_, 1914
PrttyBrownEyes_, 140390
Mhollingsworth3, 4028
Kaboli_, 10551
AfterEpilogue, 4518
speechwithease, 25712
Primalglow, 4726
alignedimpact, 1228
TokenGeekGirl, 1698
Tiny_Biologist, 4046
ostermad, 2005
deightonedwards, 10355
drmonicanixon, 1642
sfabba, 3705
Meharoona, 2148
NoWeighGuide, 337
womynrebel, 775
verowrites, 632
anaishenriquez, 1308
jollysploffs, 3100
Gia_LaMuneca, 12702
RajeeBaskaran, 767
TMODOM, 84410
EdieStringfello, 553
TeacherTalbot, 2535
HarineeSuth, 125
elifgureperez, 3120
ppaneuhaus, 2910
KellyBowerRN, 233
WritingSheWrote, 34990
bookishliv, 6379
okanaga86, 1387
ElenaHuangMSN, 977
hockeynut0118, 1993
MBernabeRN, 651
EstherLou, 4307
shannongeison, 128
DrTanyaRoth, 2650
nylah_reviews, 15864
Rumbi_Museyamwa, 27937
samaneranna, 423
Debbieterras, 6587
katelovescode, 11519
SVUGRANDE_13, 16621
JameshaChapple, 788
DawnCarney3, 2918
sycophantastic, 116529
TamaraSztainbok, 7102
AmandaAmtmanis, 2446
graciedactyl, 1669
jackycarter, 3083
EASchechter, 8378
mkotnc, 42730
tiredgabi, 5401
ChangePaula, 692
GinaSpitz, 1530
mightykale, 522
TerriMLeBlanc, 17621
irisdagmar, 976
manijehfe, 1144
hellovictoriav, 254
AJbigbadWolff, 1325
KeanNatalie, 3903
k_steinbrueck, 356
BrainAdventurer, 2134
Lozaleadlearner, 1533
jesskorte, 2247
teengkoh, 10526
Lmpera, 10040
w84itkat, 13015
Stacyc55, 13506
bellsiebooks, 8261
RevvieC, 1826
CorinneNorene, 3598
quixoticfemme, 2006
LeighDebugs, 1580
jendenby75, 386
CindyPAndrew1, 7338
MarilynCLucey, 3285
sorech01, 244
dr_raskin, 222
mscroninreads, 3075
NayOhMeMe, 932
hollyebland, 617
marylou_maher, 1732
madelienealyson, 1000
mdreser, 1037
Harrysgd, 4488
liviahmorais, 515
jckhalfpint, 313
SKEEPHIstAKA7ed, 60928
ordinarilymeg, 11047
fierybelly, 4966
ckpwong, 4680
ProtegoMente, 8609
thicket, 2979
sheevsb, 1983
Erin_Marsh_All, 5254
sydboll, 4972
liblarrian, 921
EnlaceDiversity, 5823
AnkitaA, 1746
megvanwagner, 287
ellenblunsdon, 1697
cjspacc, 5319
FleurDeCis83, 21378
She_gt_her_own, 8399
candaceleroy, 1019
ItsBethFitzer, 3273
transzoeperry, 4429
TisforTMI, 9008
erihamil, 5625
meaganintx, 1062
AlimovesMASS, 1094
SelahTinyhome, 6657
KristenRoedel, 7789
HaleyDemos, 222
smurphyabb, 1204
HMarieWhitaker, 216
irene_irenes, 2197
Ironjotun, 7827
DanitheEngineer, 1319
jessjacks, 9654
MeghanJamesPHX, 1293
heather_DMB, 4112
NotYourAvgMel, 347
dale_thompson, 880
shahzianoorally, 864
AbbieMiyabi, 2167
ABraunizer, 5174
Kmlaffs, 1537
JessiHonard, 1503
PHSLearningComm, 3454
AndreaAdlerPhD, 3166
heathermargar, 476
takewing_14, 492
itsalwaysmyway, 26121
brsummerlee, 2230
MaggieCodes, 293
fiddler_leah, 25
ginaddict1010, 104310
