beccahallstedt, 420
Dr_Ronx, 9333
eurekaohara, 13306
isislovecruft, 14804
TheOneTAR, 58841
Olixvie, 5227
lifewithThisOne, 48148
paint_heaux, 13101
lorenacupcake, 116506
BowtiesBooks, 10945
catrocketship, 44665
raystoeve, 6795
jamsternazzy, 14161
advicepig, 53536
theshenners, 89870
jskurella, 43819
ellle_em, 128332
partlycara, 118507
itswalela, 27764
CKnightWrites, 34297
beccahallstedt, 420
Dr_Ronx, 9333
eurekaohara, 13306
isislovecruft, 14804
TheOneTAR, 58841
Olixvie, 5227
lifewithThisOne, 48148
paint_heaux, 13101
lorenacupcake, 116506
BowtiesBooks, 10945
catrocketship, 44665
raystoeve, 6795
jamsternazzy, 14161
advicepig, 53536
theshenners, 89870
jskurella, 43819
ellle_em, 128332
partlycara, 118507
itswalela, 27764
CKnightWrites, 34297
JoEatsFood, 55970
WAptekar, 373
ebaearu, 14946
scribblesassin, 11272
KatyKania, 17100
ZeenaRivera, 459
babybirkinbag, 45538
MagneticCrow, 48458
decentralion, 591
UncannyNerd, 12933
imaadmajeed, 29847
Salmikawolf, 21083
comfyfat, 4916
_GreyWhite, 50195
JamesVanie, 7129
Merc_Wolfmoor, 34554
katenright, 22661
ItsJacobEdward, 9922
burst0fhope, 9308
StacyRex, 12398
QueenKilda, 85532
medinawrites, 1007
temporalhiccup, 14724
honeysplenda, 27722
JeremyCShipp, 95707
DN_Bryn, 1641
honu_girl, 9708
lorwo3, 1148
MauveAlerts, 25327
PNambyar, 12738
hermitlibrarian, 96687
RuthEJBooth, 87400
DungeonCommandr, 31122
LeaverYap, 634
anuomni, 172958
dm56892, 15219
Quiara, 195786
isa__grant, 3161
Maria_Munir, 29887
nongenderous, 144656
ExistentialPunk, 64150
gsnedders, 23770
d0tdotter, 1949
lammylala, 14180
opalfilms, 6737
sjw_LauraKinney, 9065
WispsOfLove, 37873
kiran_oliver, 2879
Lewd_Lychee, 34846
sandykidd, 45817
DanceforMyself, 7084
DeannaDanger, 6005
reneeyoxon, 25613
goldenthem, 4382
Scuffsta, 1955
so_erinaceous, 3380
BHawkSnipes, 26884
Tara_Santora, 1041
drbrandonbarile, 8298
Doc_Coyote, 23715
jaffajaeblows, 2410
joelcadams, 29011
eroticatentacle, 4648
BeeHughes_, 4524
KSchuldorff, 45712
AimiHamraie, 11600
victoriagrows, 2923
tiffanyruns, 22704
jyneonyang, 62722
Dorktagnan, 1021
cpa12k, 4306
tjalexanderNYC, 16757
transclue, 852
isabel_klee, 3353
_incunabula, 423
A_D_Infinitum, 5858
rwoodmass, 6306
ninesnowboots, 31563
media_junkie, 4425
FamDoc_Forest, 5458
leannekmho, 2626
solomamihood, 5298
AtomicFirebird, 16991
NoFunOverlord, 55758
miphashealing, 13898
Calagna_Music, 8200
NeuroGiugiu, 2819
hardcorekancil, 5949
JVTrev, 3566
joe_no_privacy, 34042
cluelessthembo, 24188
SignifiedAutre, 38478
girlzluver666, 2954
low_hana, 5035
imamusaller, 2642
maxmasure, 5451
Maryiswriting, 51281
ZeldaPics21, 2987
hesterchill, 2401
enbybae, 678
melmaliacone, 2251
cheesymitescrol, 7143
AmberLeventry, 5167
TypePR, 3528
NinaSever, 13984
rlorenxo, 5880
LizDroge, 28695
LELIAHSADE, 4042
MarsChildWells, 3749
Spatial_Punk, 60758
Laura_Speir, 33558
muccycloud, 7490
virginboyfriend, 19216
eternaIten, 22205
unwyn, 16956
thette, 22482
pigeonboyalex, 33745
AreTillery, 5035
Lucy_WellNow, 384
AdmiralAkber, 2573
zigg, 33972
PossumOtroy, 2114
choerry_magic, 27356
thecreatorblack, 20810
mischief_nerd, 1488
CorvinGreene, 7146
LucaRNAlexander, 4632
Moon_Child_Art, 8944
zephariouself, 172669
DeePennyway, 28662
0rangesicle, 47531
jesreaver, 12099
RealAziraphale, 26804
sparklesplosion, 4327
toshines, 1101
low_key_key, 11950
TheHamOfficial, 13176
inspirasian51, 4882
WilshTheBaller, 49719
tbeanie, 966
talbot_heindl, 9723
donttripbg, 4694
nnausferatu, 2660
ardyforshort, 79955
NatMulkey, 443
BlakeRuby_XoXo, 452
leahtova, 54471
staycalmcomic, 377
er_ique, 3563
JuFusroDAH, 6988
outliersgeorg, 17478
DaniFishman, 42
alexhaagaard, 57683
TheBlackFemVeg, 1396
MxFlorin, 747
TwitchWasHere, 116381
AliceSkary, 24954
otbcore, 14422
klie__, 2602
virgosparkle, 1562
alisonailea, 3431
theirpronouns, 11
revmdj, 19879
KetonKakkar, 39
BexvanKoot, 30218
sadsubbaby, 6603
d1rtyhands, 3766
TFischConcept, 8065
chrisjaycuevas, 1664
Beforehand, 14934
DanaeWriting, 22042
CunyDev, 322
landrasgembar, 31290
smuttychums, 2190
apasmorley, 17375
BraceJesse, 3308
rslntfatgoddess, 823
_ErinML, 579
JoshCloss, 30239
Coravinia, 381
charliehersh, 6153
They_Goblin, 1201
austen_writes_, 11700
yurouchng, 10305
yenradecki, 2797
merlinpatt77, 12105
springboardw, 3491
izaak_slays, 130259
temp_var_, 1114
MissScarletRed1, 5075
StephenGKrueger, 1125
prophecycanvas, 4042
bookmobility, 7640
ezraxrose, 29960
alonewpeople, 1727
RebbyKern, 2552
TheyThemTheEli, 1516
yasmariner, 6858
mauweI_, 52064
JVDesignsGames, 5940
eyemermusic, 18204
eco_feminist, 10680
itmeanssunshine, 14576
notameliafrench, 180
Clairepie, 4736
lila_leatherman, 146
keepme_guessing, 19152
TruthRockets, 2630
EvelineJuly, 9818
BadAtGender, 36575
genderqueerio, 937
littlelibrababy, 2539
ostermad, 2005
__paigelauren__, 17835
Weird_Astrology, 3270
Sage_Messages, 2733
TheQueerLim, 14970
Inclusion4UsAll, 5068
BlindMikah_Kez, 12247
ShlomitSofer, 1394
coffeebeanbun, 44299
veggielucian, 11721
wilko_lauren, 2226
nevermorenest, 1850
CheyenneRGrimes, 261
Fahmida_BF, 119
weedsofthesea, 19126
theveganparent, 85392
TransientBlip, 2608
peachmakkoli, 3503
KyleLawson86, 649
fairytopialex, 4365
underscoretire, 19297
intrepid_ly, 255
TeacherTalbot, 2535
abolition_boi, 1588
yourmonstergf, 1918
maaaaa__AAA, 56133
tale_of_the_fox, 11851
CamOrbits, 258
weelilbit428, 13365
enbyxbby, 23013
PupTetris, 2514
JOON1EBEAR, 57887
mangohberry, 7571
KnottedbyNil, 297
ayresjournalism, 227
MadsBertasio, 7384
shimmy_n_shake, 126
AmrenOrtega, 2752
EriolDoesDesign, 9888
kaykerimian, 6305
LoganWimberley, 1087
kenandoesmath, 254
chordaetendinae, 17914
LoveIsntRadical, 2520
arye927, 13250
GraeRosa, 128
kylievmusic, 130
SibsterManatea, 5323
anthonybgay1, 6171
thebenmichaels, 6064
BrittleGrass, 66078
AshleyThaoDam, 1530
Nora_Foxx, 1678
oopsallorcery, 18842
AaronPhion, 5402
thedisasterlez, 2729
Kenishra, 8384
no_a_rt, 8842
cyanbloomm, 9267
samarasteele, 205
GayCae, 42207
OpalCloudZ, 490
slayerscommathe, 15681
elliotrileyriot, 1211
ellie_showering, 288
AlexHarrowSFF, 45505
curlycomrade, 22876
kzakza, 56688
TawnyRoseCase, 2542
SpronasBrothers, 1887
bioponic, 31060
jihyxnkim, 334
AsherBeckner, 7973
azurehrebuke, 6621
atfuruya1, 237
webmaster_major, 6013
pupaspen87, 663
sageclemmons, 95
lesbianmoore, 27961
MxMoss3, 615
AmorenaNobile, 3186
Ayani_holly, 11451
supernovagrrrl, 138906
ElijahBlass, 10325
imanisofierce, 19331
helllpapii, 5223
madewokherd, 5807
flint_queen, 351
AutumnJRowan, 8381
neonmoonmilk, 116483
aylinnalie, 2264
Penguicorn, 19229
gaymerfolk, 1484
theepicplace, 4458
TheyThemPigeon, 5134
flowstyleliving, 9920
rubywritescode, 433
oliiipop, 703
mxxlure, 5272
jasmeralia, 9695
ChloeBielke, 60560
shanny__mac, 501
r_vickersjones, 310
areyv, 593
RPGAlchemist, 29507
graeliwil, 999
raenotlydia, 7731
legalizegoblins, 1412
BriDenicola, 603
chelbawamba, 9413
antisept_iceye, 52041
japanipino, 1010
dragonballzoink, 5734
tasmanpapworth, 67
backpacker84, 661
Greysonearp24, 9525
cbattaglias, 428
brittanianvamp, 14951
uponanewfish, 2287
mhisterRAJ, 3185
Shinto_Nephilim, 10585
m__fluke, 2625
mx_stitchie, 23158
Mx_Alyssa_Joe, 8039
softboyissues, 12111
sugarhonE_icedT, 330
SoulSurvivor_84, 642
absoluphi, 264
laethecreative, 8871
immacuIatechaos, 6055
KitCatNinja, 14756
mwlerm, 1240
AilsaMummery, 16433
Alex_TR, 552
XP3rs0n, 706
chubbybabey, 3603
SamanthaDillma2, 6210
shelvethebooks, 10095
JNButlerArt, 1034
adrianlampron, 240
HigherbroKendo, 19711
TheyCalledThem, 682
OneLahv, 2014
smolnswole, 5622
Schogent, 15627
DarkerLarper, 1295
sylv_talks, 31975
theythemthots, 448
ToriMakal, 823
thegaythey, 2060
adreeleeee, 939
4lo_Alo, 263
vontaglia, 94
AmazingElie, 7702
sivgreyson, 88688
marsul420, 9809
UnifiedStories, 456
BrettCNelson, 1601
deadsanddollars, 255
Amabeans, 13093
twinsunsfour, 3033
FancyMcUsername, 4394
WSuellau, 11123
screenshotrian, 2551
silverstarspace, 8038
paz_fey, 22891
EdisonTheFox, 13541
raymondforsale, 651
_mpoe, 1479
Muskymuttnut, 966
hijxdelmar, 1480
LauraJDouds, 1501
ScarletS_Gaming, 9835
jvlioedel, 1031
astriferous_twt, 3687
quaerendum, 2926
EmoSlave369, 15354
Theclairrock, 1320
agenderphan, 7980
mikacarten, 10109
theablaireking, 2674
abs_idy, 1014
pigeon_toes_, 6294
lex_horwitz, 783
JCKronin, 5947
FoxEnjolras, 2974
tendertransbabe, 7456
onyx_ceptible, 167
adpuckatl, 1096
OfficialAnnieH, 1251
dyxnamite, 3617
rencamo, 1410
nightfury326, 26979
BusyBumJen, 23706
asg__creations, 3606
TeachMeJordan, 8466
theothergarden, 1881
levitateangel, 19255
NonbinarySaru, 7736
return_of_kyle, 351
JunoAvilaClark, 2550
jasonearl94, 809
dopedungeon, 3088
luxxe_ember, 1075
AlbeyAmakiir, 241
QueerAndBroken, 18377
sunbabyspeaks, 1393
TamarinArt, 66
boydetective98, 2133
offffanim, 23666
MxOliverLeigh, 1696
christi__hannah, 8546
ArriveHellHeels, 9198
trinabeenaaa, 1473
kreature56, 527
g_tree, 2419
fiveboiii, 9
Toronto_Fanatic, 3372
itwasmedionysus, 5438
rev_jonah, 175
Djinnseng, 1251
BlytheNHopper, 6891
MereksDoodles, 16631
ashabardon, 62169
bhendykat, 4438
khromatichyena, 15592
kim_alloway, 3442
JayBrett9, 197
redvmars1, 3500
TeamsuperxNC, 4675
EpicGlitterYay, 11652
NicLeapMtl, 444
crewmanalex, 7284
nnihilatepussy, 6752
josueisbaby, 3128
Willy_Dawood, 2761
rhiikjaviks, 13463
c_evolved, 408
stevie__mx, 1971
QuirkyQwerssie, 1409
EJMakar, 1903
jmfargo, 12225
itsyakisoba, 8712
EJ_Jetmore, 255
Ocean_SoulRebel, 7600
TheVersian, 2680
drtempledragon, 3497
lilpeeptruther, 66011
darkskintrudeau, 102486
GinnyTrix, 11131
Ian_with_a_K, 401
ImInAC0nundr3m, 2659
lukacrossing, 508
justanartdork, 7234
marzapproved, 10188
plt_deluxe, 1980
payasopendejo1, 177
UNLV_Em, 89
sidthesub, 2669
dan_hihello, 3154
tzpropp, 20
hannahmishana, 6617
BluVanillaSlush, 13710
Impossiblepearl, 676
Chris_CPPS, 286
nonbin_aries, 1991
Secretskill45, 1162
Madisonstarr0, 478
Lolaboo92, 3380
TracyRayLewis, 2005
MadeByMaihien, 167
WelliekinsA, 569
slippingonsoap, 977
daydreamacnh, 1051
cherryukika, 22174
pip_the_enby, 6932
Rebeckaht, 1357
nova_tobi, 464
teafillxer, 8873
Gnome_rcy, 1410
sadofcolor, 6073
kaytheecogay, 121
riverziibi, 492
GaaeiSandra, 9809
fleshloathe, 1298
glorioustoads, 1315
xoTaeLuna, 104
geminicathartic, 22929
Me_Like_Shiny, 4425
yinaesu, 2820
Iselynne, 3597
NPR_fanfiction, 987
GreyArcana, 5964
Ryan_Hansen0, 1604
Leftyfunk, 2047
feuer_fight, 2102
hotterthanbae, 147
praisekxnk, 9292
Soul_Released, 11972
jasmiinedunn, 46015
CLT_Nic, 4953
ErisNightmare, 138
lemonicelou, 2541
dreiguzman, 9549
Vermisst_Augen, 2734
enbybabyy, 802
literalturtle, 461
claire_melanie7, 735
pancake_bitch, 19261
sekisetsu, 12775
WhyTheyDont, 445
ctehcoimlays, 1626
blessedballoonz, 19003
carly_defranco, 35460
KambabaJasper, 20782
Notsosoftboy, 4847
punkartmonk, 94
DevinMar1992, 3069
Kol_Ceridwen, 21355
HeyDoryen, 33960
SillyLilBug, 5458
kirbys_stepdad, 2316
saiidonix, 549
fitzgerald_dee, 182
AmazingKitikins, 4116
claiaheline, 2771
MilSeguin, 1464
diverent2, 1168
eggthot1, 353
sr_brownwriter, 5325
KotaLee11, 5099
theyoverthem, 21307
KerriMeadows32, 781
lolarei26, 687
AmmehMorton, 11381
sexybummer, 104
TransTakeover_, 5931
Mx_Krysie, 187
nocagnobuy, 18800
123abcdrawithme, 7010
thinsinn, 1752
enbywitchery, 3461
DoubleKnotJiJi, 13975
thatssograyson, 2563
cmjeanpierre, 194
PunkNerdIsBored, 3938
Arbolitx5, 13231
Marshall_rya, 4233
B1a_Z3n, 12094
buchanan_kg, 653
MyQueerAccount, 2714
kaibrarian, 139
ngm2020_, 170
SMGrey42, 1798
deathsexspring, 1148
Midwest_Drew, 3170
deatdelleigh, 36
atiredlad, 7985
neophoenixfire, 365
mywingsonwheels, 3638
idleDreamsASMR, 1874
TheyThemWeUs, 58
gothinuyasha, 37211
_Aauura_, 1960
cancerslut69, 2181
sexiwishyouknew, 445
CaretakerJae, 13548
ToriHanabi2, 555
juniperkins, 1340
tieflingkisser, 20981
aaliyahmc_, 846
feeling_is_1st, 3738
MagickQueer, 10834
kitsisto, 2015
clumsywhalien, 744
celestialdnp, 2371
HayleyTayCrissy, 4665
SepticChikorita, 8255
Wingys_Tarot, 214
DavidAmacyLee, 5556
enbynaughty, 878
mikkeImish, 2965
littlepuppycub, 1995
serentiddie, 3578
beboobzu, 6844
ADHDGameDev, 370
LokiArtsy, 1912
PMA_Chase, 2276
jtraviscooper, 391
catatoot, 1712
ceKinsella, 3386
evalikesativa, 244
hayden_thehuman, 3700
YearlyAquariAce, 819
obeykaedra, 11486
mclinthicum, 621
salty_chaplain, 214
heybrosslady, 207
atired_bisexual, 5250
skinandeds, 598
veeuvn, 297
DigiDiclonius, 7505
3beesinajar, 857
tinkerpunk5, 7029
Cptn_Jax, 4219
ArtioMurphy, 3481
Illusion_99, 665
soshootastar, 442
PxPerfectionist, 15143
NotYrValentine, 967
InfernoSpitfire, 4097
rebelhopes, 13
BrujeButch, 17835
HeyImJess566, 2099
spidereIi, 319
666jfox777, 794
les_meowsrebles, 29233
JamilaMHammami, 6797
sithrenity, 9574
fmanjoo, 8118
B_R_Sanders, 15805
RynLikeTin, 1692
chameleoncerti, 1589
ShadowHeartGlow, 1421
enbysaturn, 2876
EnbyGaymer, 1080
WeStan_o3o, 321
CMYing1883, 246
kurtistowne, 1355
SidewaysSiren, 1088
sadisticsatan, 1014
JaimeLidgard, 3329
SystemMosaic, 1059
much_of_a, 68
_bibeast, 17681
ThornhillWitch, 115
JOPJONGIN, 258
dunmerii, 9976
geeky_penguin16, 4076
_haruki_nii, 1102
securityalice, 60
NonbinaryProf, 175
Nylazorslew, 907
somosins, 36184
SexEdComics, 230
mawillcockson, 1432
krussell_17, 90524
SunburnedSquid, 196
princenquinn, 3265
kalecapital, 30240
rainleander, 15891
prfctlrh, 106
MxEducation, 316
RisukaMisai, 4257
RedMireLiveWire, 27
BoriSnacks, 815
Mx_Collins, 1294
Kolonakimou, 23304
alternative_EM0, 249
sheedy_aileen, 11123
raevenlywrites, 10084
IndyQuail, 173
theythempod, 48
arrowurboat, 328
starlight_minie, 17524
Tbirdflieshigh, 45832
carlovreden, 50
putridjesus, 4810
isaacangelz, 1072
mx_marcella, 206
laurieworks, 12672
itsjuustliz, 1543
theythemccubus, 1244
harryspogue, 78
pizza_princexx, 74
yeoscappuccino, 6593
WormChum, 100
boobitters, 1224
Camp_ButchZD, 108
virgog0th, 1668
thelifeojaden03, 10251
dillwerner, 32425
ilomanong, 348
_what_3ver_, 3040
GRae_94, 15146
anthoknees, 264085
5keleton_flower, 4397
xeszter, 3167
the_jasper_jane, 24580
Danez_Smif, 49813
lalonsocorona, 31434
KitWants, 13307
ezra_greyson, 4956
CorazonPeach, 65570
jdLowkey, 3636
alexisdayfoot, 883
TheyThemStudio, 1
HarperMinx, 3566
IngramPuckett, 141
mandymcgeephoto, 18649
scholarlyspidey, 244
Stephnie_Watson, 237
r0botblues, 635
kaleidokai, 3599
sam_studiess, 160
kindsanders, 9150
theypronouns, 18
Osiristhebrat, 1880
Echo_Heo, 6258
__sadpotato, 1187
TheyThem5, 39
plasdik, 5334
park_quimin, 269
2punkrock4shul, 27702
TheyThemPodcast, 78
PerryFrench14, 143
IneffableUrgh, 13911
thefunnygooff, 51
rathlin_emerson, 51
thornsoverroses, 318
milokp, 2075
cherryg0d, 15
a6daughter, 3141
MilneJ_, 217
Autumns_Dusk, 25060
nandi_karen, 55
melyork34, 153
natman_2000, 378
Abenet_, 15444
jrangerb, 17934
rozoonle, 13015
katt_inthehatt, 961
AC_in_progress, 1299
ogflavorsstan, 1423
natetheauthor, 66
TheArtHovel, 2062
genderlessmedia, 161
jornyforjisung, 4649
basketcase_art, 550
itsclarkwithane, 7711
OceanEffectKid, 1669
thegr33nwitch, 17939
HangIvy, 11657
_jojolovatic_, 867
ShaeNester, 23
RadCatCreations, 1673
AjWiningham, 48
lundysbrock, 716
cas_4202, 1006
jmichicich, 1849
goatshroom, 2680
NannyKimbo, 3521
butchspoonie, 30949
skepticnovak, 580
Courfeyrikki, 5148
dibqaub, 170
_MistyGraves_, 2775
MalibuStacey__, 14352
themactually, 24328
mxkitty17, 4797
MiaKnowsAll, 1295
dogbitebaby, 1637
Calcifer_S, 4669
WildeAspen, 7988
enbylu, 25892
jollydramatist, 11857
lacypet, 842
laurengotconed, 2064
opstandige, 87685
everestpipkin, 7654
jupiter_scout, 4073
simpleaslight, 22882
foxxem_, 1552
gamesbyjulien, 3869
gillmac, 35264
1800GHOSTIE, 22459
brazyfvkngbrat, 630
LeotheLionIII, 49227
A_LaneHR, 2734
MidnightFox452, 367
unknownnplanet, 2448
itsnot_shay, 1198
queerfinch_, 234
noahrcn, 126
Pandapollyon, 6
HARRYN0POTTER, 131
literary_lottie, 9963
GreasyHeaux, 9
cass_sylvan, 7957
evan_greer, 27837
SODEMAction, 7426
KonradKlutz, 183
MatrixLabrador, 5776
noronorosoup, 6769
AndreasAdHoc, 5904
doppioguaio, 6566
AleeOups, 2807
DepressedTrans1, 4225
garden_sovreign, 113
CleverIsHere, 2697
faeryribs, 552
mulletmil, 980
twinkcowboy69, 259
LostWeaver, 17366
arinisshit, 237
sorenwork, 6236
NollyPoly, 1714
tenkoevie, 632
sinbad825, 4218
RiderOfBrohon, 4317
enemyoftrust, 8282
GeorgMir, 330
CCMcKee1, 17
onegaybitch, 886
fairydustatdusk, 193
iFlirtWithBagel, 1571
ayyyeee_abby, 2349
c1garetteslut, 55
rocket_ship_em, 32
unholy_golbach, 46
agenderlessbean, 182
bleuvelveeta, 492
jfgavin44, 125
marlomarhi, 451
Princessponies8, 6272
beanboysprite, 7501
eden_dj_lily, 4473
mahoneygoodman, 86
LynarySystem, 710
StormyBuckets, 2236
EnbyShenanigans, 3606
geexella, 22085
KinkFeline, 11115
kalokai_ri, 8394
nyeiljostwen, 505
alyxjj, 4766
kellydurgan, 1908
Schr0dingersKat, 24119
mango_papii, 4077
theythemxxx, 0
liminalnobilis, 27817
mxtones, 56549
gayspacepilot, 99088
CurseofSebs, 59086
pleasant_ame, 23424
calvincamps, 95701
alightningrod, 5242
helllnora, 17701
Bo_Frazier, 2668
desikitteh, 40276
amyunchained, 33226
Billie_Skies, 10113
JAMEE_NICOLEE, 14803
MxtressLuna, 10393
MadoChristie, 7511
Deathcrude, 7780
roropanolo, 3980
thetuttingtutor, 3976
SexPositiveEd, 4277
mx__wesley, 201
prickly_boi, 6269
zen_jenn, 353
MereTheir, 25
AsiaKateDillon, 8476
prettyb0nez, 109
livingfordnp, 4312
pixiewitchx, 30528
666bees, 1103
SylvUnderStars, 474
RadicalGeek42, 124
ArdenAlexAQ, 717
queuedpotato, 11370
desastreles, 3531
CoffinGag, 580
kercoby, 16402
NeolithicSheep, 378912
sarahallwrites, 2197
akmunion, 26
moransdimples, 7814
VioletFireBee, 1474
langdon_ira, 12887
KillianKinney, 49
EnbyBootyButts, 189
SombreroDePizza, 14270
PunguinWizard, 9142
batshitlazy, 452
CosmicAlexolotl, 5226
LoneliestCashew, 3686
symmetry_is_key, 996
Existential_Ash, 6072
Bjellen1, 70
thiswitchdreams, 606
ejwinnieweston, 76
bob_lazuli_, 551
werekoyote, 2046
jana_aych_ess, 1673
UFOllieowo, 1070
ParallaxHuxley, 559
TherActivistDJ, 80
goth_theyfriend, 3749
thebosswomxn, 2196
TheNameIsZee, 2253
vonny_bravo, 10553
black_birdbooks, 808
haramibitch, 388
AtheistCat2, 1258
sparrowspite, 146
ZoologicalB, 2560
_devil_town_, 392
Treebeanart, 232
hoenar, 1044
Dearlyqueerly, 1211
AzutieCPR, 28
mostlydeadnb, 277
SobbingSlob, 4242
MacaqueyFreedom, 1550
HollyOorebeek, 683
jayloren_, 11315
saltcityvinny, 1843
TBojeng, 1334
maddywiebe97, 2553
SHCzilling, 2168
nutmilkmari, 140
RGoddexx, 28
maepawbs, 398
JaeJRFord, 123
TimelessLemon, 5715
cysketch, 24423
allisonelliots, 1348
LangdonROC, 4354
softiedanny, 68960
TrinityTheTuck, 10113
juniperinlatin, 76530
Nonbinarydeity, 37703
VS_Holmes, 14792
friskyteeth, 2924
cxorlando, 18590
aquila_hope, 12985
SideKickSaba, 23186
DaemonSinclair, 4526
_joonpark, 28576
morebookstofind, 83267
GallavichAbbie, 791
KylePicone1, 520
kevinlwei, 1511
Struble, 14278
sootskies, 151
st_vans_man, 1738
